Fault_ID,ColorCode,Start_Lon,Start_Lat
1,r,72.00,33.77
2,r,72.64,33.65
3,r,73.23,34.18
4,r,72.50,33.89
5,r,72.91,34.02
6,r,73.32,34.68
7,r,74.34,33.64
8,r,73.63,33.00
9,r,73.78,33.80
10,r,73.86,34.81
11,r,73.32,34.62
12,r,75.33,33.00
13,r,75.46,33.00
14,r,76.14,33.24
15,r,75.77,34.07
16,r,75.52,34.46
17,r,75.00,34.62
18,r,75.00,34.82
19,r,76.40,34.41
20,r,76.13,34.31
21,r,75.00,34.70
22,r,76.78,34.00
23,r,78.00,33.57
24,r,78.00,33.43
25,r,78.00,34.33
26,r,72.00,32.37
27,r,74.85,33.00
28,r,75.39,33.00
29,r,75.45,33.00
30,r,76.43,32.19
31,r,76.75,31.80
32,r,76.60,31.05
33,r,77.20,30.63
34,r,76.77,32.01
35,r,76.31,31.77
36,r,75.69,32.21
37,r,76.56,32.16
38,r,77.03,30.99
39,r,77.61,30.35
40,r,76.53,33.00
41,r,77.12,32.37
42,r,77.27,32.06
43,r,77.27,31.68
44,r,76.87,31.53
45,r,77.05,31.05
46,r,78.00,30.92
47,r,78.00,31.16
48,r,77.44,31.22
49,r,78.00,31.34
50,r,78.00,31.24
51,r,78.73,32.90
52,r,78.00,31.59
53,r,78.00,31.62
54,r,78.00,31.18
55,r,78.00,31.15
56,r,78.12,30.84
57,r,78.00,30.95
58,r,79.79,30.90
59,r,78.11,30.47
60,r,78.00,30.42
61,r,78.34,29.96
62,r,78.31,29.90
63,r,78.35,29.92
64,r,78.34,29.96
65,r,78.35,29.97
67,r,79.50,29.59
68,r,79.22,29.84
69,r,79.57,29.89
70,r,80.08,29.80
71,r,80.30,29.89
72,r,82.82,29.00
75,r,83.86,27.50
76,r,84.00,27.44
77,r,84.00,27.76
78,r,84.00,28.38
79,r,84.82,28.19
80,r,84.94,28.26
81,r,85.80,27.48
82,r,87.17,27.05
83,r,89.15,27.07
84,r,89.70,27.65
85,r,90.00,26.95
86,r,90.00,26.88
87,r,91.20,26.91
88,r,91.42,26.85
89,r,92.11,26.88
90,r,92.06,27.05
91,r,92.26,27.06
92,r,92.12,27.00
93,r,92.51,27.05
94,r,94.46,28.00
95,r,94.25,28.00
97,r,95.57,28.23
98,r,93.00,29.07
99,r,93.00,27.26
100,r,93.67,27.16
102,r,93.74,27.75
103,r,93.04,27.72
104,r,93.00,25.11
105,r,93.22,25.26
106,r,93.58,25.55
107,r,93.85,25.74
108,r,94.02,26.04
109,r,94.00,26.10
110,r,93.99,26.20
111,r,94.10,26.34
112,r,94.25,26.45
113,r,95.22,27.01
114,r,95.41,26.45
115,r,95.28,27.10
116,r,95.79,26.08
117,r,95.85,26.48
118,r,96.00,26.95
119,r,96.20,27.01
120,r,96.00,27.45
121,r,92.80,9.13
122,r,93.17,8.22
1,g,82.49466667,22.30616667
2,g,82.75,22.68
3,g,83.2,22.67
4,g,83.44,23.85
5,g,84.09,24.32
6,g,84.71,23.72
7,g,84.84,23.68
8,g,84.80,23.79
9,g,84.95,23.63
10,g,85.25,23.68
11,g,85.16,23.81
12,g,85.17,23.88
13,g,85.22,23.86
14,g,85.43,23.85
15,g,86.07,23.73
16,g,86.12,23.69
17,g,86.27,23.70
18,g,86.27,23.69
19,g,86.37,23.84
20,g,86.62,22.24
21,g,84.33,22.32
22,g,84.55,22.23
23,g,84.38,21.34
24,g,84.00,21.64
25,g,88.41,24.00
26,g,87.61,24.00
27,g,87.44,23.13
28,g,87.97,23.59
29,g,88.51,23.44
30,g,88.21,23.21
31,g,88.37,23.05
32,g,88.03,23.94
33,g,87.69,22.05
34,g,87.85,23.02
35,g,87.80,21.81
36,g,89.07,23.96
37,g,87.00,23.62
38,g,87.00,23.77
39,g,87.92,21.00
40,g,88.04,21.00
41,g,73.01,19.70
43,g,73.31,17.95
44,g,75.67,20.90
45,g,75.73,20.90
46,g,75.99,20.92
47,g,76.00,20.95
48,g,77.68,20.04
49,g,77.49,20.30
50,g,77.50,20.40
51,g,77.76,20.91
52,g,77.89,20.89
53,g,77.78,20.94
54,g,77.91,20.94
55,g,79.67,20.68
56,g,79.42,20.20
57,m,81.02,17.81
58,g,82.12,17.00
59,m,82.21,18.69
60,g,81.65,17.00
61,g,86.70,20.25
62,g,84.65,20.96
63,g,86.71,20.38
64,g,84.17,19.82
65,g,73.52,13.41
67,g,73.32,13.49
68,g,73.13,15.38
69,g,73.12,15.66
70,b,76.00,16.38
71,g,79.34,13.52
72,b,78.70,14.43
73,g,78.92,19.16
74,g,79.43,15.55
75,g,79.58,15.76
76,g,80.74,15.86
77,g,80.58,15.86
78,g,79.23,14.61
79,g,80.41,15.84
80,g,80.42,15.96
81,g,80.27,16.02
82,g,81.70,16.75
83,g,82.05,16.97
84,g,81.50,16.67
85,g,81.63,16.99
86,g,81.09,16.58
87,g,75.57,10.95
88,g,76.91,9.12
89,g,76.00,10.37
90,g,75.71,10.07
91,g,75.75,10.93
92,g,78.58,9.17
93,g,78.52,9.92
94,g,78.53,9.74
95,g,79.39,10.32
96,g,79.75,10.27
97,g,79.34,10.89
98,g,79.83,11.35
99,g,79.88,11.18
100,g,79.84,11.25
101,g,79.71,12.11
1,m,74.2,25.77
2,m,74.18,25.79
3,m,91.65,25.57
4,m,79.99,21.00
5,m,80.05,20.68
6,m,77.49,14.54
7,m,77.82,15.00
8,m,77.87,15.38
9,m,79.17,13.00
10,m,79.58,13.79
11,m,79.90,14.54
12,m,80.09,15.98
13,m,77.63,8.77
14,m,76.66,9.35
15,m,76.44,11.00
16,m,76.56,11.62
17,m,77.57,11.44
18,m,78.00,11.55
19,g,75.51,33.973
20,g,76.13,33.22
21,g,75.81,34.33
22,g,76.14,34.31
23,g,77.30,34.73
24,g,78.01,36.89
25,g,78.27,33.00
26,g,78.48,33.09
27,g,80.66,33.44
28,g,80.07,33.99
29,g,80.67,33.99
30,g,80.67383333,33.99083333
31,g,79.35866667,34.00145333
32,g,80.53116667,34.24533333
33,g,80.72516667,34.23633333
34,g,80.68666667,34.009
35,g,80.69766667,34.13633333
36,g,72.29016667,32.4865
37,g,72.5375,32.599
38,g,72.63433333,32.5855
39,g,72.76883333,32.68916667
40,g,72.89233333,32.64866667
41,g,73.75533333,32.69816667
42,g,76.1505,32.74766667
43,g,77.46233333,32.5675
44,g,77.50533333,32.80183333
45,g,77.46233333,32.80183333
46,g,77.75266667,32.77466667
47,g,78,32.22516667
48,g,76.842,30.5315
49,g,77.59383333,30.31533333
50,g,78.31383333,32.77466667
51,g,78.80633333,32.162
52,g,78.645,32.108
53,g,79.215,32.5225
54,g,78.13816667,31.69366667
55,g,79.05216667,29.74766667
56,g,79.125,29.75666667
57,g,79.20833333,29.69366667
58,g,79.323,29.5855
59,g,79.1355,29.39633333
60,g,79.83333333,29.37833333
61,g,71.34733333,26.34233333
62,g,71.49383333,26.33333333
63,g,71.55783333,26.25216667
64,g,72,25.22516667
65,g,71.90083333,24.59816667
66,g,79.875,29.35133333
67,g,80,29.35133333
68,g,74.102,29
69,g,74.225,27.78366667
70,g,73.77783333,26.64866667
71,g,73.14133333,26.49533333
72,g,74.10,25.02
73,g,74.16,25.00
74,g,74.28,25.05
75,g,74.35,25.01
76,g,74.55,25.19
77,g,74.78,25.02
78,g,77.40,27.42
79,g,77.61,27.12
80,g,77.64,26.91
81,g,77.09,26.80
82,g,77.95,27.18
83,g,83.80,28.65
84,g,83.90,28.63
85,g,82.39,28.04
86,g,81.84,28.28
88,g,82.80,26.48
89,g,82.81,26.47
90,g,82.86,26.01
91,g,81.88,25.37833333
92,g,85.45683333,27.1545
93,g,85.609,27.11816667
94,g,85.802,27.1545
95,g,85.736,27.29083333
96,g,85.43133333,27.3635
97,g,85.43133333,27.43633333
98,g,85.7105,27.52716667
99,g,86.4365,27.08166667
100,g,86.61916667,26.99083333
101,g,86.86,27.31
102,g,86.74,27.45
103,g,85.20,27.72
104,g,85.41,27.62
105,g,88.87,25.01
106,g,88.80,25.14
107,g,89.24,25.50
108,g,87.74,25.39
109,g,87.93,25.48
110,g,88.32,25.42
111,g,88.02,25.68
112,g,88.22,26.35
113,g,88.40,26.37
115,g,88.56,26.81
116,g,89.40,28.04
117,g,87.61,28.07
118,g,87.70,28.44
119,g,87.52,28.48
120,g,87.56,28.65
121,g,87.90,28.67
122,g,87.86,28.77
123,r,89.58,28.19
124,g,87.34,28.00
125,g,92.57,26.56
126,g,90.51,26.22
127,g,90.32,26.20
128,g,90.15,26.19
129,g,90.41,26.31
130,g,90.06,26.96
131,g,90.13,27.24
132,g,90.58,27.22
133,g,95.18,24.00
134,g,95.31,24.38
135,g,96.00,25.86
136,g,94.96,27.62
137,g,94.05,27.13
138,g,94.47,27.71
139,g,93.04,27.66
140,g,96.18,26.70
141,g,96.11,26.81
142,g,96.22,26.75
143,g,96.32,26.81
145,g,68.87,23.00
146,b,69.00,23.83
147,g,71.01,20.70
148,g,69.21,22.80
149,g,70.71,23.15
150,g,72.79,24.52
151,g,72.00,24.50
152,g,73.59,23.91
153,g,73.83,24.23
154,g,72.96,21.50
155,g,73.51,21.75
156,g,73.54,21.81
157,g,73.84,21.84
158,g,74.60,21.75
158,g,74.81,21.45
159,g,74.86,21.47
160,g,74.94,21.44
161,g,74.91,21.38
162,g,75.00,21.29
163,g,75.10,21.24
164,g,88.32,25.42
165,g,88.32,25.42
166,g,78.61,21.13
167,g,81.15,23.95
168,g,82.70,23.90
169,g,82.78,23.98
170,g,82.79,24.04
171,g,82.81,24.04
172,g,83.17,24.10
173,g,83.38,24.13
174,g,83.19,24.02
175,g,83.77,24.15
176,g,81.00,23.93
177,g,81.95,23.79
178,g,82.55,23.75
179,g,83.55,23.68
180,g,83.22,23.53
181,g,83.22,23.50
182,g,82.70,23.22
183,g,81.00,23.48
184,g,81.09,23.27
185,g,82.23,23.99
186,g,83.02,23.86
187,g,83.42,23.86
188,g,83.57,23.59
189,g,83.50,23.80
190,g,82.50,22.30
1,g,89.58,28.19
2,g,87.90,28.67
3,g,87.86,28.77
4,g,87.34,28.00
5,g,92.57,26.22
6,g,90.32,26.20
7,g,90.15,26.19
8,g,90.41,26.31
9,g,92.57,26.56
10,g,90.06,26.96
12,g,90.58,27.22
13,g,95.18,24.00
14,g,95.31,24.38
15,g,96.00,25.86
16,g,94.96,27.62
17,g,94.05,27.13
18,g,94.47,27.71
19,g,93.04,27.66
20,g,96.18,26.70
21,g,96.11,26.81
22,g,96.22,26.75
23,g,96.32,26.81
24,g,97.29,27.59
25,g,68.87,23.00
26,g,69.00,23.82
27,g,71.01,20.70
28,g,69.21,22.80
29,g,70.71,23.15
30,g,72.79,24.52
31,g,72.00,24.50
32,g,73.59,23.91
33,g,73.83,24.23
34,g,72.96,21.50
35,g,73.51,21.75
36,g,73.54,21.81
37,g,73.84,21.84
38,g,74.60,21.75
39,g,74.81,21.45
40,g,74.86,21.47
41,g,74.94,21.44
42,g,74.91,21.38
43,g,75.00,21.29
44,g,75.10,21.24
45,g,75.12,21.27
46,g,75.17,21.24
47,g,75.17,21.21
48,g,75.33,21.24
49,g,77.50,21.25
50,g,77.46,21.34
51,g,75.02,21.37
52,g,75.03,21.40
53,g,77.46,22.32
54,g,75.81,22.46
55,g,75.88,22.33
56,g,76.05,22.21
57,g,76.06,22.08
58,g,76.05,22.02
59,g,76.13,21.97
60,g,79.15,21.19
61,g,80.15,21.67
62,g,79.20,21.74
63,g,79.23,21.97
64,g,79.41,21.99
65,g,78.00,22.54
66,g,78.61,21.13
67,g,81.15,23.95
68,g,82.70,23.90
69,g,82.78,23.98
70,g,82.79,24.04
71,g,82.81,24.04
72,g,83.17,24.10
73,g,83.38,24.13
74,g,83.19,24.02
75,g,83.77,24.15
76,g,81.00,23.93
77,g,81.95,23.79
78,g,82.55,23.75
79,g,83.55,23.68
80,g,83.22,23.53
81,g,83.22,23.50
83,g,81.00,23.48
84,g,81.09,23.27
85,g,82.23,23.99
86,g,83.02,23.86
87,g,83.42,23.86
88,g,83.57,23.59
89,g,83.50,23.80
90,g,82.50,22.30
145,g,75.12,21.27
146,g,75.17,21.24
147,g,75.17,21.21
148,g,75.33,21.24
149,g,77.50,21.25
150,g,77.46,21.34
151,g,75.02,21.37
152,g,75.03,21.40
153,g,77.46,22.32
154,g,75.81,22.46
155,g,75.88,22.33
156,g,76.05,22.21
157,g,76.06,22.08
158,g,76.05,22.02
159,g,76.06,22.08
160,g,76.05,22.02
161,g,76.13,21.97
162,g,79.15,21.19
163,g,80.15,21.67
164,g,79.20,21.74
165,g,79.23,21.97
1,c,69.93,32.22
2,c,70.51,33.15
3,c,70.91,32.17
4,c,71.63,32.63
5,c,71.62,32.70
6,c,70.41,32.51
7,c,70.91,32.34
8,c,71.15,32.63
9,c,70.88,33.71
10,c,72.79,33.72
11,c,73.62,33.39
12,c,71.29,33.94
13,c,74.12,33.24
14,c,73.88,33.54
15,c,73.47,34.37
16,c,73.47,34.37
17,c,73.32,34.66
18,c,73.56,34.73
19,c,73.65,34.73
20,c,72.88,34.37
21,c,72.94,34.62
22,c,72.51,35.04
23,c,72.71,35.20
24,c,72.85,34.22
25,c,72.79,34.22
26,c,71.47,34.66
27,c,71.59,35.56
1,c,96.00,23.00
2,c,98.00,25.08
3,c,105.00,24.83
4,c,97.83,27.50
5,c,99.83,26.83
6,c,97.00,28.17
1,c,99.00,28.42
2,c,102.58,27.38
3,c,100.18,27.50
4,c,102.81,27.50
5,c,101.10,28.56
6,r,101.19,28.88
7,c,99.05,28.65
8,c,102.19,27.96
9,c,98.71,29.05
10,c,100.76,29.50
11,c,100.21,30.08
12,c,100.21,31.21
13,c,100.25,31.38
14,c,104.07,29.92
15,c,102.86,30.88
16,c,104.50,32.42
17,c,101.90,34.00
431,g,86.98,26.14
432,g,88.03,25.00
433,g,89.10,25.16
434,g,89.56,25.27
435,b,89.51,25.65
436,b,89.89,25.01
437,g,88.31,26.48
439,r,87.01,26.90
10,r,87.00,26.92
11,r,87.34,26.89
12,r,87.34,26.89
13,r,88.57,27.01
14,r,89.20,27.36
15,r,89.20,27.36
16,g,88.75,27.43
17,g,89.85,28.28
18,g,89.88,28.67
19,g,87.59,28.07
22,b,90.19,24.03
23,b,90.75,24.00
24,b,90.00,25.23
25,g,92.83,24.99
26,g,90.77,25.29
27,g,90.66,25.40
28,b,90.82,25.18
29,b,91.45,25.47
30,b,92.96,25.78
31,b,92.40,26.80
32,g,91.80,26.76
33,g,91.02,26.32
34,g,90.00,26.43
36,g,89.98,24.48
37,g,89.99,24.63
38,g,92.09,28.02
39,g,91.82,27.91
40,r,90.00,26.97
41,r,90.02,26.86
44,r,93.03,28.01
46,r,94.62,28.00
47,r,93.58,28.09
48,g,94.80,27.99
49,r,94.55,28.80
50,r,95.15,27.99
51,r,95.15,27.99
52,r,95.56,28.21
53,r,96.02,28.35
54,b,95.40,29.98
55,g,95.17,29.83
56,r,94.01,24.03
57,r,95.72,26.47
58,r,95.53,26.21
59,r,95.74,26.28
60,r,94.61,25.49
63,g,95.32,24.00
64,r,92.98,25.09
65,r,93.18,25.28
66,g,93.30,26.89
67,g,94.07,26.98
68,g,94.45,27.57
69,g,94.72,27.70
70,r,92.98,27.04
71,r,93.00,27.09
72,r,93.06,27.70
74,b,96.02,24.85
78,r,96.21,26.98
79,r,95.99,26.90
80,r,96.00,27.28
81,r,95.98,27.89
82,r,96.00,28.12
83,r,96.02,28.35
84,g,96.01,28.68
85,g,97.40,27.42
86,g,97.36,28.03
87,g,98.75,25.99
88,g,96.04,29.76
91,g,97.14,30.00
92,g,98.46,28.99
93,c,92.34,21.24
94,c,92.68,20.50
95,g,92.93,20.47
96,c,92.68,20.86
97,c,92.87,20.87
98,c,92.83,21.39
99,c,92.97,20.84
100,c,93.02,20.88
101,c,93.02,21.22
102,c,92.82,22.70
103,c,92.53,23.69
104,c,92.91,23.41
105,c,92.45,23.70
106,c,92.71,22.06
107,c,92.38,22.80
108,c,92.26,22.85
109,c,92.23,22.64
110,c,92.18,22.55
111,c,91.58,23.03
112,c,91.34,23.17
113,g,92.73,24.00
114,b,92.53,23.69
115,c,92.44,22.73
116,g,92.96,21.89
117,g,93.69,19.99
118,r,94.18,19.99
119,r,94.05,20.73
120,r,94.46,19.99
121,r,72.22,33.12
122,b,73.80,33.59
123,b,73.33,34.42
124,b,73.19,34.15
125,b,72.01,34.32
126,b,72.79,34.21
127,b,73.32,34.68
128,r,72.01,35.84
129,r,71.99,34.76
130,b,76.14,36.45
131,g,76.15,36.45
132,b,75.69,37.00
134,b,75.81,34.40
135,r,77.99,34.13
137,g,79.71,36.97
138,g,80.51,36.72
139,g,78.01,36.89
140,g,80.28,36.12
141,b,78.01,36.25
142,g,79.01,35.99
143,g,78.75,35.97
144,g,78.51,35.62
145,g,77.99,35.58
146,b,80.09,34.65
147,g,79.03,34.15
148,b,79.77,33.96
149,g,80.04,34.37
150,r,79.04,33.68
151,b,78.00,34.18
152,b,72.35,32.95
159,g,76.90,29.00
161,b,76.45,30.92
162,r,75.04,32.91
163,r,75.48,32.98
164,b,76.96,31.97
167,r,79.09,29.82
169,r,79.87,30.64
170,b,78.79,32.66
172,b,78.97,32.68
173,b,79.23,32.98
176,b,71.68,24.00
179,g,71.38,26.24
180,b,70.01,24.11
182,b,70.82,26.19
183,g,70.98,26.45
184,g,71.06,26.44
185,g,70.54,26.70
186,g,70.63,26.23
187,b,73.18,29.00
188,b,73.64,29.00
189,b,74.12,28.26
192,b,74.02,27.87
194,b,73.71,27.71
195,b,74.11,26.49
197,r,74.64,26.92
198,g,77.53,26.82
200,g,77.16,27.47
201,g,77.39,27.12
202,g,75.09,26.67
203,g,75.20,26.69
204,g,75.37,26.71
205,g,75.68,27.69
206,g,75.87,27.55
207,g,76.18,26.81
208,g,75.86,26.85
209,g,75.81,26.78
211,g,77.23,27.03
213,g,76.21,28.18
214,b,79.91,29.01
215,g,76.87,27.96
220,g,83.63,27.93
223,r,81.01,29.00
224,r,81.33,29.01
225,b,81.15,29.00
227,g,84.59,27.70
228,g,84.78,27.62
229,g,84.98,27.47
230,g,86.49,28.41
231,g,86.53,28.66
232,g,85.68,25.19
233,g,85.35,25.46
234,g,84.38,25.52
235,g,84.59,25.94
236,g,85.35,26.35
237,r,70.33,20.28
239,g,70.36,20.85
241,g,69.63,22.78
243,b,69.00,23.83
246,b,71.07,22.99
248,b,69.56,23.95
249,b,72.04,24.35
250,g,72.60,21.14
251,b,73.19,21.42
252,g,74.42,21.45
253,b,74.51,21.56
254,b,73.21,21.75
258,r,73.13,24.38
262,g,75.13,21.21
263,g,75.09,21.25
264,g,75.89,21.20
265,b,76.10,21.04
266,g,77.56,21.36
267,b,74.97,21.82
268,b,75.58,21.72
272,b,75.10,21.26
273,g,75.32,21.20
274,m,79.25,21.02
275,m,79.69,22.12
276,b,78.07,22.81
277,r,79.81,23.33
280,g,81.46,23.20
282,g,82.25,24.01
283,g,82.55,23.76
284,b,81.00,23.96
285,b,84.86,21.98
287,g,86.35,21.57
288,g,84.31,22.27
290,m,85.60,22.71
291,m,85.75,23.15
292,m,85.94,23.42
293,g,86.25,23.75
294,g,86.60,23.92
295,g,84.03,23.79
296,g,84.61,23.82
297,g,85.05,23.81
298,g,84.12,24.33
299,g,86.17,25.01
300,g,84.84,23.74
301,g,72.15,18.05
302,g,72.75,17.00
303,g,72.96,17.02
304,g,72.60,18.38
305,g,73.08,17.01
306,b,73.35,17.03
307,b,73.69,17.05
308,b,73.84,18.03
309,g,74.00,17.59
310,g,73.09,19.75
311,g,73.08,19.69
312,b,73.44,20.20
315,b,76.24,20.99
316,g,76.68,20.66
317,b,76.24,20.99
318,g,77.74,20.92
319,g,76.00,20.93
320,g,75.66,20.92
322,b,80.20,17.98
323,b,79.31,18.64
324,b,77.99,19.63
325,b,80.98,17.79
326,b,83.59,17.98
327,b,83.65,18.12
328,b,83.94,18.23
329,b,83.99,18.58
330,m,82.71,20.81
332,g,85.89,19.83
334,g,86.65,20.31
335,g,86.54,20.55
336,g,85.86,20.53
337,b,74.88,15.65
341,g,74.50,16.99
342,g,73.69,17.01
343,g,72.96,17.02
344,g,72.75,17.00
345,g,72.61,16.98
346,g,74.29,13.36
347,g,73.26,15.33
348,g,73.94,13.63
349,g,73.82,13.23
350,g,73.32,13.49
351,g,73.17,13.86
352,g,73.10,13.85
353,g,72.92,13.83
354,b,75.90,13.00
355,b,75.55,13.56
356,b,76.59,14.23
357,m,76.37,13.04
358,m,76.97,13.82
359,b,75.55,14.42
360,b,75.18,14.79
361,b,76.63,14.85
362,b,77.08,15.00
363,b,77.75,15.23
364,b,75.28,15.76
365,b,77.38,16.35
367,m,78.30,14.32
368,g,78.62,14.41
369,g,78.96,14.88
370,g,79.28,13.59
371,g,79.67,13.77
372,g,79.76,13.00
373,b,78.00,15.62
374,b,78.48,15.86
375,b,78.24,16.11
376,b,78.60,16.30
377,b,78.01,16.33
378,b,80.08,15.75
379,b,80.55,15.90
380,b,79.57,16.42
381,b,81.02,16.85
382,b,81.47,16.41
383,b,77.92,8.31
384,b,76.99,9.00
385,g,76.92,8.91
386,b,93.71,11.98
387,k,92.92,12.46
388,b,77.30,09.10
389,b,76.59,10.22
390,b,76.46,10.71
391,b,76.93,10.52
392,b,77.16,10.22
393,b,77.77,10.16
394,b,76.84,11.13
395,b,77.70,11.08
396,b,77.71,11.39
397,b,77.71,11.40
398,b,77.99,11.81
399,b,76.42,11.55
400,b,76.11,12.37
401,b,76.93,12.98
403,b,78.36,09.17
404,b,78.79,09.47
405,b,78.82,10.18
406,b,78.78,10.36
407,b,79.45,10.29
408,b,79.82,10.34
409,b,78.09,10.97
410,b,79.23,11.97
411,b,78.87,11.03
412,g,79.77,12.27
413,b,78.63,11.80
414,b,78.39,11.69
415,b,78.67,12.05
416,b,78.00,11.82
417,b,78.69,12.46
418,b,79.22,12.87
419,r,91.84,07.98
420,r,92.71,11.41
421,r,92.71,11.79
422,r,92.53,10.54
423,r,92.81,10.54
424,b,94.74,04.00
425,b,92.08,06.01
426,b,94.60,06.25
427,r,93.36,08.00
428,r,93.73,07.36
429,r,93.86,06.81
430,r,93.04,04.01
1,b,78.76,30.38
2,b,81.00,31.09
3,b,73.78,27.37
4,b,73.48,27.44
5,b,73.83,27.71
6,g,73.59,25.00
7,b,87.79,25.00
8,b,87.32,25.00
9,g,87.93,24.25
10,g,88.03,25.00
11,g,88.86,25.00
12,b,89.87,25.00
13,b,89.84,24.91
14,g,87.73,23.72
15,g,87.90,24.05
16,b,95.92,24.00
17,b,71.71,24.00
18,b,72.04,24.65
19,b,73.56,24.88
20,b,73.41,22.11
21,b,73.79,22.00
22,b,72.71,21.93
23,b,83.01,23.57
24,b,83.29,23.63
